tag	molecule	#lines	lg(Q(300))	lg(Q(225))	lg(Q(150))	lg(Q(75))	lg(Q(37.500))	lg(Q(18.750))	lg(Q(9.375))
1001	H-atom	1	0.6020599913279624	0.6020599913279624	0.6020599913279624	0.6020599913279624	0.6020599913279624	0.6020599913279624	0.6020599913279624
2001	D-atom	1	0.7781512503836436	0.7781512503836436	0.7781512503836436	0.7781512503836436	0.7781512503836436	0.7781512503836436	0.7781512503836436
3001	HD	2	0.70035752782266	0.5863622233078657	0.4315245841874509	0.1961761850399733	0.04060234011407314	0.001300933020418072	0.0
4001	H2D+	32	1.8833939636542971	1.698635468772226	1.4400695793173364	0.9882110252489047	0.49187973621980824	0.08461202086525142	0.0016039241497978187
7001	Li-6-H	51	1.449277790579156	1.3248378323128431	1.1514924284254977	0.8602780997522349	0.5802405082653763	0.32242605240595257	0.11360915107302787
8001	LiH	53	1.449277790579156	1.3248378323128431	1.1514924284254977	0.8602780997522349	0.5802405082653763	0.32242605240595257	0.11360915107302787
8002	Li-6-D	80	1.449277790579156	1.3248378323128431	1.1514924284254977	0.8602780997522349	0.5802405082653763	0.32242605240595257	0.11360915107302787
9001	LiD	90	1.7059662894166805	1.5788110603225813	1.4033607757655246	1.1074474095236093	0.8177636322803677	0.5402042998420598	0.2873537727147465
12001	C-atom	2	0.8938726787950814	0.8744238305865019	0.8363241157067517	0.7294887691795613	0.5493711523331772	0.3074960379132129	0.09621458534640519
13001	C-13-atom	7	1.1950135628758283	1.17539583139403	1.13738576433397	1.0305187648435425	0.8504011479971585	0.608526033577194	0.3972445810103864
13002	CH	508	2.0822175450771496	1.9607751051300941	1.7923734767671302	1.517487529739623	1.2752445348660275	1.0863562708693235	0.9523031625984484
13003	CH+	9	1.1861168675703004	1.0640984242979457	0.894183095040831	0.6124553635191139	0.35119699994269726	0.1342089929320836	0.017784353096678397
14001	N-atom	2	1.079217435746567	1.079217435746567	1.079217435746567	1.079217435746567	1.079217435746567	1.079217435746567	1.079217435746567
14002	N-atom-D-st	6	1.469998642218747	1.467593308245282	1.4629068724922676	1.4494938267812603	1.424603991276581	1.382701282954905	1.3246939138617746
14003	13CH	628	2.385608418257125	2.264091661238316	2.0955434857970685	1.8202467919445036	1.5773412642875495	1.3878114568185802	1.2535318435270049
14004	CD	188	2.503190833691603	2.3750740363418794	2.193432392910039	1.8805300654579928	1.5717542382413532	1.2928030264700079	1.0729260026020873
15001	NH	91	2.373550094086724	2.252122122199561	2.083370017940084	1.8051268913028582	1.5511327007286073	1.3511389585818487	1.2637070646074315
16001	O-atom	2	0.8287243271387913	0.8009918612601714	0.7611758131557314	0.7123129086813654	0.6995775913989091	0.6989700043360189	0.6989700043360189
17001	OH	3153	1.9111290989026413	1.7802925357614858	1.6036272431540053	1.3570499282101385	1.231309504042859	1.2042206730155787	1.2021991452483185
17002	NH3	1716	2.7699542294148207	2.5801563584117	2.3179006528617823	1.8758613649492026	1.4476571830391614	1.0644280368504866	0.7586469979207747
17003	CH3D	203	2.9117918547818213	2.720497259791335	2.456767949119737	2.0095639166412247	1.567388715498864	1.1478771969347956	0.7751879612661703
17004	NH3-v2	4198	2.7699542294148207	2.5801563584117	2.3179006528617823	1.8758613649492026	1.4476571830391614	1.0644280368504866	0.7586469979207747
18001	OD	9351	2.3272358838837155	2.1857933667289497	1.9888877636283424	1.68989365261472	1.4899421755071862	1.3983293094270295	1.38036575067666
18002	N-15-H3	235	2.7602995667240213	2.654399890910188	2.3142991917238445	1.8734019880678843	1.4419934633574376	1.0521935804334748	0.7335984609613392
18003	H2O	1376	2.25071756285761	2.064536604388002	1.803989414613344	1.3649260337899756	0.9334872878487055	0.4818724103106635	0.09933527768595772
18004	NH2D	5036	3.578700052769261	3.381799841029004	3.1116999491797457	2.6377998291200475	2.1366983763604814	1.6068004075556694	1.1218879851036812
18005	H2O	8608	2.25071756285761	2.064536604388002	1.803989414613344	1.3649260337899756	0.9334872878487055	0.4818724103106635	0.09933527768595772
18006	13CH3D	143	2.9073291702919826	2.720304540282024	2.4572822473516434	2.0097830762476665	1.5678788176138525	1.1483280494785775	0.7755813241811148
18007	17OH	46769	2.6905242471860515	2.559603949134496	2.3827791819714066	2.135792023654752	2.009498062207503	1.9819364711063696	1.9794361447012305
19001	HO-18	3159	1.9135328471107456	1.7825567516152196	1.6056273605250249	1.3583864307835785	1.231820656125744	1.2042776572136114	1.202229952163012
19002	HDO	1401	2.1669005666611154	1.9802988641377226	1.7185016888672742	1.2753113545418118	0.8421097634406101	0.43312951758048557	0.12515582958053018
19003	H2O-17	404	2.1769179474998652	2.007510941885365	1.7799880454317272	1.439851957403754	1.1992119695755226	1.0573122874341983	0.9793799049690635
19004	H3O+	304	2.7161435480078526	2.514372538598184	2.2407344079470928	1.7962821615076812	1.4259367018731053	1.201836659131787	1.064978082276334
19005	H$_3$O$^+$	1983	2.7161435480078526	2.514372538598184	2.2407344079470928	1.7962821615076812	1.4259367018731053	1.201836659131787	1.064978082276334
19006	17OD	113226	3.1079503192759477	2.9664134831804394	2.7693254366033364	2.4698392549186705	2.269090188671509	2.176420445295116	2.1576088503495954
20001	D2O	1137	3.0189999088690045	2.832200326283875	2.5695997776490924	2.124200895305138	1.686296564621513	1.2685077677473502	0.9367147582112038
20002	HF	8	1.021313365484695	0.900913067737669	0.734319680859007	0.46224821535499744	0.2211533219547051	0.05230909964732344	0.0025979807199085947
20003	H2O-18	726	2.178593102988054	2.0091699158315404	1.78161178249315	1.4413714538807363	1.200544086611016	1.058388059993333	0.9799306041087044
20004	18OD	3632	2.332137682605994	2.190536524780901	1.9933236079664474	1.6935120342756445	1.4922766703873687	1.3991082516043085	1.3804232704174724
21001	HDO-18	952	2.1723985779393047	1.9857990798851557	1.7238987710972362	1.2806011315369137	0.8472023639809237	0.437750562820388	0.1274287778515989
21002	DF	20	1.291701770729981	1.1690863574870227	0.997779430865604	0.7118072290411911	0.4415380387021608	0.20439133191929973	0.0441476208787228
25001	CCH	114	2.7591002475852004	2.634399674655807	2.4589006120926737	2.1597987151332423	1.8627990112383737	1.5699003626847146	1.2851971228109693
25002	NaH	52	1.6426623314420354	1.5165485942267516	1.3417312076013392	1.0467682196608383	0.7589875468676193	0.48515334990365233	0.24029958200271248
26001	CN	511	2.8222273329763503	2.6976215132053873	2.5223238403018673	2.2238423557455467	1.9280413068901279	1.6375707769104753	1.3578643636679655
26002	C2H2	2066	2.6235636265000624	2.4513463935908226	2.2534395388738004	1.9507814214325259	1.6529924154749003	1.3585154228727634	1.0706694442214386
27001	HCN	40	2.6276996433871247	2.50309989163281	2.3276000286245453	2.028599716753869	1.731701554300969	1.4389060861517926	1.154484837032048
27002	HNC	49	2.1408567213191936	2.0162015374468316	1.8407395014422323	1.541753924982827	1.2448953336918616	0.9523080096621253	0.6682927104482209
27003	HCN-v2	132	2.1505783886674625	2.0259772733190853	1.8504808165045714	1.551474395853947	1.254572244187353	0.9618006391916786	0.6773331514199017
27004	C-13-N	1218	3.1415371879249285	3.0169271329608627	2.8415748121024578	2.5429260869936923	2.246789490188858	1.955643981997509	1.6745745771285239
28001	CO	91	2.0368882769086922	1.912317728988398	1.737041488287037	1.4386214480453956	1.1429210575156148	0.8526019693382348	0.5733358400660676
28002	HC-13-N	45	2.6389003940710998	2.514499937791687	2.3390000175404646	2.0399016830273498	1.7428036584691655	1.4498022636266548	1.1650067795683678
28003	HCN-15	35	2.163399932786864	2.0387989289186397	1.863299062510548	1.5642043070135065	1.2671012965599688	0.9740970037941311	0.6892200372638356
28004	DCN	54	2.7151004094157827	2.5905999975718914	2.41500007296279	2.1156005277783487	1.8179023623508346	1.5236034121365691	1.2361088015872816
28005	HNC-13	34	2.1580004291464734	2.0336006542433878	1.8580978688247403	1.5589964051721585	1.261999948651827	0.9690896029549215	0.6843964784190205
28006	HN-15-C	33	2.1494008007050858	2.0249000610747316	1.849400985068625	1.5503995903554972	1.2534107047903673	0.9607085516885566	0.6763277338813203
28007	DNC	53	2.2155609009176276	2.090850349692817	1.9152837263926368	1.6159605671339843	1.3184390042001923	1.024485667699167	0.7376696273566419
28008	HCNH+	74	2.228140782491391	2.1034404030910228	1.9278736680783952	1.628514601798157	1.3309025868032416	1.0367606007378407	0.7495894652076159
28009	CO+	88	2.3278409890959604	2.2033511441488853	2.0281033615503055	1.7297315952870354	1.434153571066601	1.144106973049323	0.8652816849956105
28010	DCCD	6940	2.711406734550829	2.504339126913173	2.2785242786472466	1.9673087675942211	1.668536868363157	1.372219524386352	1.0806661631766634
29001	C-13-O	60	2.0563635508386726	1.9317781337488813	1.7564611382743323	1.4579121601033578	1.161966616364075	0.8712225567597071	0.5909532351879857
29002	HCO+	373	2.16431329153981	2.0275909513449033	1.8481195010908902	1.5487983346493486	1.251883886205753	0.9591511451889942	0.6748427769465277
29003	CH2NH	2957	3.770299886007959	3.57979993949639	3.319099810423354	2.8694998431341334	2.4205992822914397	1.9744978761501524	1.5341022913877755
29004	HCO	2454	3.480600169275338	3.2929999387639763	3.028600123369801	2.57789947758748	2.129799418538435	1.6900985744039843	1.3077099234048069
29005	NNH+	34	3.083100030067681	2.958600192353867	2.7832001385548804	2.4842001537636316	2.18750097972953	1.8952014747788932	1.6115958679471805
29006	CO-17	50	2.0479676277294674	1.923389104720982	1.7480871969403875	1.4495863808375677	1.1537539064551872	0.8632038590286295	0.5833121519830777
29007	HOC+	40	2.146559014142062	2.021891873919109	1.8464113441583432	1.5473685178228835	1.2504444001899657	0.9577509108772793	0.6734816970733472
30001	CO-18	60	2.058015832517345	1.9334265431137434	1.7581091437243093	1.4595432582804129	1.1635787651887741	0.8727970399895985	0.5923988461155638
30002	HC-13-O+	40	2.1599120256681856	2.0352551847750533	1.8597775549736766	1.5607026997277447	1.263673934576048	0.9707140578408049	0.6859386934942598
30003	DCO+	1041	2.7335381447785503	2.5971635078907496	2.417586936179544	2.1178653090866106	1.8201502083987717	1.5258103052474004	1.2382519049224887
30004	H2CO	3506	3.4598467513399886	3.2724501212718096	3.008587823998174	2.558372522169157	2.1094064147502536	1.650122884444062	1.1399105558756826
30005	C-13-H2NH	439	3.303700065011369	3.1163001758605007	2.852199929804341	2.4006001503560728	1.9491020080906583	1.497496350585415	1.0459876056609674
30006	CH2N-15-H	440	3.304400040330322	3.1170000255433803	2.852900055729509	2.401300572610359	1.9497997092480146	1.498200242769982	1.046690221370057
30007	CH2ND	1834	3.856199985556188	3.6688000696408283	3.405299905430512	2.909399826290789	2.474000520621023	1.9667000876400986	1.6372995589616295
30008	NO	9756	3.064275622138832	2.9121630480103367	2.692250125311159	2.321583933030367	1.9977445078024885	1.7159699350819997	1.4604166966257357
30009	NND+	41	2.688100213199801	2.5634003893055546	2.387800787677955	2.0886002697510535	1.7911008992369724	1.4972061807039545	1.2106127663528976
30010	HOC-13+	40	2.1650542992753827	2.0403649558600607	1.864855057915473	1.565729787831127	1.268648164671602	0.9755696578936621	0.6906390117159673
30011	NO+	154	2.4994313783257875	2.3749370490233304	2.1997058228035207	1.901376576975398	1.6058543021089047	1.3159493645403746	1.03734680356809
30012	DOC+	40	2.215179502087822	2.090463332912388	1.9148749875611957	1.6155292236371328	1.318002780068331	1.024062660893657	0.737319889843621
31001	HCO-18+	34	2.1677986325850584	2.0432011071798204	1.8676972436928438	1.5686006222333186	1.271609301378832	0.9784087926230393	0.6933751510251853
31002	H2C-13-O	2309	3.4707123633113595	3.2833093716487456	3.0194349332059867	2.5691818879385773	2.1201427128224593	1.6607137329003328	1.1501728963931312
31003	HDCO	4204	3.2853609770320187	3.099333999331186	2.8365114043799697	2.386821133553116	1.9381102546857725	1.4921133531068034	1.0518429840680041
31004	HO-18-C+	40	2.160732569114289	2.036045719114444	1.8605416279653593	1.5614353279038053	1.2643927617677173	0.9714150233849951	0.6866362692622934
31005	HNO	10293	3.4396021254959166	3.252962658302307	2.98919731060711	2.539121032140057	2.0910602800535	1.647631346820855	1.2362852774480284
31006	Methoxy	10936	4.292500005430937	4.127699989560987	3.863699997089769	3.3578999877549047	2.8473998940232867	2.395200543035077	2.007500270551347
31007	D13CO+	40	2.2483708195750527	2.1236788684240073	1.9480773338516137	1.6486292876565813	1.350854443733036	1.056394064582122	0.7685863083574604
31008	CH3NH2	28298	5.095922003747421	4.908297299830966	4.643917889251314	4.192030826790202	3.7401129220477283	3.2881545292117464	2.8363229761570534
31009	15-NO	4912	2.903646667022201	2.751480803865646	2.531466015749846	2.1605321549519343	1.8362563706134276	1.5536743210544732	1.2965555060882235
31010	CH3CH2D	38764	4.514821761800921	4.261668669525373	3.9394255147653445	3.456177818321948	3.003761116675018	2.5553428568721444	2.110155535524489
32001	O2	336	2.339761796282352	2.2150029719317326	2.0398303664008983	1.7419225553422313	1.4476928147888073	1.1618140481182408	0.8960464650403244
32002	O2-v1	336	2.339761796282352	2.2150029719317326	2.0398303664008983	1.7419225553422313	1.4476928147888073	1.1618140481182408	0.8960464650403244
32003	CH3OH	83543	3.9764930295621252	3.721634513069394	3.3869919086704656	2.863958843863011	2.362179078947474	1.8372499606685473	1.290997898726857
32004	H2CO-18	449	3.479599924776207	3.2922000082972662	3.0281001048892175	2.5789003956400824	2.1298992567209885	1.6703015282850078	1.1595972679874085
32005	O2-snglt-dlta	52	2.17484972014047	2.0520818826445013	1.8804397095592693	1.5929158726628134	1.318747644543364	1.0702004655886008	0.8686444383948257
32006	D$_2$CO	3682	4.0581725981622805	3.8707296210289317	3.6067532371273043	3.1561735695612785	2.7069423799229306	2.2605714930779306	1.8282698874003456
32006	D2CO	3682	4.0581725981622805	3.8707296210289317	3.6067532371273043	3.1561735695612785	2.7069423799229306	2.2605714930779306	1.8282698874003456
32007	DNO	14739	3.608569311112287	3.422597471943683	3.158902731933305	2.7085818397332133	2.260054922662378	1.8148832518338707	1.3783288444526545
33001	HO2	21954	3.641047846596384	3.4535829038240053	3.189569557492076	2.7391482058721643	2.2904366487217973	1.8464274260922942	1.4407989209437124
33002	O-17-O	10787	3.4304362795952597	3.3051448584787666	3.1289557073520577	2.828008030274218	2.527699872060361	2.229672629137248	1.9397283624840396
33003	SH	646	2.0547420982055855	1.9136835444919844	1.7355278420308236	1.4901706556344396	1.3131962866255706	1.2227190717055572	1.2045296547895752
33004	CH2DOH	89098	4.181042834030753	3.973605651874679	3.6394334144430402	3.111514109713796	2.6010395041682646	2.0591467194261983	1.482710692634073
34001	O-18-O	672	2.664095379516674	2.5387639473093127	2.3625427892408073	2.061509024166617	1.761029016383699	1.462664483081794	1.1720977117520277
34002	H2S	1525	2.711340638975664	2.524424944278956	2.261886377235	1.8164169713853922	1.3777687178280513	0.9394992845971937	0.4639825250097072
34003	PH3	728	2.905199867719105	2.7220997738869905	2.460600196466702	2.0131996882166354	1.570496239039667	1.1435144200755514	0.763128376799137
34004	H2O2	38357	3.9905832431829906	3.7604660614816656	3.449364989551822	2.9520743196346424	2.460792637579859	1.9486867588595225	1.4261858252445114
34005	SD	1125	2.4964976283703275	2.3494317863411025	2.0590011595779543	1.8837011726999449	1.6518002104758178	1.4802283479355556	1.3959550967881436
35001	HDS	1138	2.634399674655807	2.4485996651043944	2.185898962609817	1.7383999878610064	1.2956990174895107	0.8627870982353444	0.45163294745699084
36001	HCl	137	1.910608398655108	1.787871195088256	1.6164229962656822	1.3298248443129186	1.0583121211083863	0.8184238550920788	0.652052848248105
36002	18-O2	246	2.3902414476920577	2.265106391330939	2.08939884574638	1.7899316720260363	1.492587195282523	1.200508506985994	0.9226009112525431
36003	HOF	1270	3.1353995411479323	2.953916183459591	2.691810600624937	2.2412283629381125	1.7918772362864457	1.3462199269343507	0.9342812496977035
36004	HCl+	779	2.294389721867631	2.1691796207451977	2.0106302171683574	1.777726882172759	1.6055539128506875	1.520483532740792	1.5042533209548867
36005	HCl$^+$	2583	2.294389721867631	2.1691796207451977	2.0106302171683574	1.777726882172759	1.6055539128506875	1.520483532740792	1.5042533209548867
37001	DCl	254	2.194029548611753	2.0701217605020035	1.8963145300170332	1.6025938452877824	1.3165951120641752	1.0461711761120582	0.8084878065054434
37002	C3H	4990	3.798212145755409	3.6648497949566963	3.471436368649864	3.1217144294469925	2.7379789897048616	2.3227238172005285	1.924317026680532
37003	c-C3H	2973	4.015200135433554	3.8334000259514642	3.57279994931255	3.1289998857499857	2.69640007813349	2.283699149626056	1.9101012292137514
37004	DCl+	207	1.9586985939487729	1.8275850741269817	1.6577717527163691	1.392805952769927	1.1636592157511616	0.9962094872162685	0.9167854650459112
37005	DCl$^+$	779	1.9586985939487729	1.8275850741269817	1.6577717527163691	1.392805952769927	1.1636592157511616	0.9962094872162685	0.9167854650459112
38001	HCl-37	137	1.9112481883263892	1.7885289546097507	1.617052788978206	1.3304543597219978	1.058881339349561	0.8188854145940099	0.6523430550627147
38002	c-C3H2	30436	4.121542682158679	3.9226351651669766	3.6547933314767196	3.2035472593437726	2.753472824487886	2.305013477327938	1.8597559616222066
38003	C3D	1560	3.5538758692177357	3.425085641807995	3.23956433050127	2.910684209630531	2.5577589234982963	2.1681853511280287	1.7477084873725717
38004	c-CCC-13-H	6541	4.190569301517509	4.0662638037609184	3.8572074921100334	3.4404748380591097	3.009275740368954	2.5962881419108634	2.2221510002334215
38005	c-C-13-CCH	9753	4.491899955342731	4.366600038550356	4.1549000664576745	3.7290001154937427	3.2797000166861343	2.8311995868638595	2.386300946337541
38006	c-C3D	6001	3.782262607062007	3.7190936778326913	3.6021081736278657	3.3145684611626827	2.932956293980951	2.52475457543809	2.1481588802370366
38007	H37Cl+	779	2.2949859661472636	2.1697599328778625	2.0111803760604063	1.778155593306748	1.6058844372322136	1.5206708350628395	1.50445998800505
38008	H37Cl+IRUV	2583	2.2949859661472636	2.1697599328778625	2.0111803760604063	1.778155593306748	1.6058844372322136	1.5206708350628395	1.50445998800505
39001	c-HC-13-CCH	17768	3.8165538066211457	3.6292802294043973	3.3652357962493076	2.9142767118578137	2.4641734735216096	2.015656449883444	1.5702813504601159
39002	c-HCC-13-CH	6892	3.8216485186385096	3.634344089612848	3.370268950081453	2.9192870790071446	2.469169495425972	2.020630561184689	1.5752132550316331
39003	c-C3HD	21610	3.8692920648647613	3.6821603712157795	3.418115151276994	2.967091540047615	2.5168612699118853	2.0680904549580674	1.6222015847600604
39004	DCl-37	228	2.195298970297093	2.0713995989949097	1.8975996034280378	1.6038045181079525	1.3177918160530715	1.0473138158153883	0.8094250287970343
39005	NaO	6440	3.8467991671556954	3.671633876071062	3.436802370257045	3.054791025207359	2.7150723716936276	2.419808096295426	2.143806431421532
39006	K-atom	11	0.9030682717249623	0.9030628427385579	0.9030519845621465	0.9030085491415496	0.9029270960172628	0.9027695766456967	0.9024489297350986
40001	CH3CCH	813	3.734699922369262	3.547100102549503	3.2835000086475454	2.8323000179229756	2.382499724125919	1.9457983661298046	1.5367982483044182
40002	NaOH	91	2.6979995756506723	2.572900631610063	2.3968006639352475	2.0960997326776925	1.796102319214386	1.497302925540968	1.2009051916849918
40003	SiC	982	3.195268914371489	3.0436510958767045	2.824191852077612	2.423260623310262	2.014825361926198	1.665705727241563	1.3974481088506667
40004	SiC-v1	703	3.195268914371489	3.0436510958767045	2.824191852077612	2.423260623310262	2.014825361926198	1.665705727241563	1.3974481088506667
40005	KH	40	1.8000362418279794	1.6720516539373864	1.4959742565973477	1.1989318699322091	0.9069811532288541	0.6247975789607612	0.3622939379642311
40006	C2O	354	3.2109879356644453	3.086075987011027	2.9100213093683838	2.6092176794801643	2.3087451363599487	2.008936406904035	1.7106081029526188
40007	MgO	44	2.5735921188173596	2.4409090820652177	2.262066462050052	1.9613973614791091	1.6618694523476032	1.3639878297484915	1.0693350347899393
41001	CH3CN	1728	4.0051059851245245	3.817602524276081	3.5534402330779877	3.1021541372699484	2.6523240040964557	2.2156819686346885	1.8068275397563942
41002	CH3CC-13-H	822	3.747900056354518	3.560300063531115	3.296600041202944	2.8454998866514587	2.3956006896634867	1.9588981947107718	1.5497999641845497
41003	CH3C-13-CH	813	3.7348999537170324	3.5473001671252704	3.283700053576663	2.8324999712572114	2.3826005152335035	1.946000048973673	1.537000087321339
41004	C-13-H3CCH	821	3.7467000385938904	3.5590998590975356	3.2953999468847623	2.844300066779894	2.3943991420255912	1.9576982543257766	1.5486964485323467
41005	CH3CCD	822	4.235300054014012	4.0479998647648205	3.7881999164676183	3.350899939918072	2.9004998549881367	2.463099789575463	2.053700614476789
41006	CH2DCCH	223	3.6463000909994205	3.4586000826460523	3.213099995933069	2.9566001082764743	2.613100458485287	2.1936003911977004	1.7472019906454177
41007	SiC-13	2417	3.5155558449420266	3.3674322420406413	3.1487786502918196	2.7474376006389165	2.338121280178312	1.9874486163516436	1.7165200136475605
41008	CaH	387	2.299799199881555	2.175300122946179	2.0006986518519168	1.7051021747403365	1.415707686674859	1.1383974429905463	0.8860957324377474
41009	CH3NC	1798	3.967690025311922	3.780240788905009	3.5161370284981546	3.0649347774361027	2.6151726737492798	2.1785024155558674	1.769764178063118
41010	CH3CN	5248	4.166833503545796	3.9055377140381653	3.5806681302521417	3.103006932113136	2.652326131656983	2.2156832901484385	1.8068282173299262
41011	K41-atom	11	0.9030791294941767	0.9030737006435012	0.9030682717249623	0.902992259738787	0.9030031194085151	0.902916234446356	0.902736979296593
42001	CH3CN-15	1351	4.01836572996798	3.8308616367174726	3.5666966480027185	3.115399536420582	2.6655451578999605	2.2288531543518433	1.8198971496504281
42002	CH2CO	835	4.013800121563289	3.821800015846093	3.5358000378868613	3.1092001038100787	2.6599998198406505	2.1964995048523255	1.6773970538315135
42003	NH2CN	13898	4.252908951892369	4.050339612137919	3.7581593211143716	3.2381188978367805	2.7043410153204257	2.1843705588701967	1.644448437303621
42004	CaD	501	2.7628000591771698	2.637899814036665	2.462399495463553	2.1639004780589226	1.86869732624796	1.5797035876322478	1.3031960574204888
42005	K-41-H	40	1.8000087108381349	1.6720331709616036	1.4959742565973477	1.1989593386702027	0.907034952483417	0.6247975789607612	0.3622939379642311
42006	C-13-H3CN	1636	4.017821081901378	3.830316222229421	3.566150550927463	3.114853080945629	2.6649993224203676	2.2283092294375875	1.8193570170915891
42007	CH3C-13-N	1619	4.005320446932832	3.8178170155718587	3.5536547194185837	3.1023684536939133	2.652537965154196	2.2158952089189943	1.8070388914272095
42008	CH2DCN	3002	3.9632062576967666	3.7756800096401033	3.511490621329007	3.0601561073412555	2.6093085558045184	2.1592976304688025	1.7108938291344278
42009	H2CSi	670	3.796330338261283	3.609650853169158	3.3453519662722173	2.893769527151674	2.4440572934211895	2.0124449175998924	1.6312509319280308
42010	SiN	614	3.2345009338905264	3.1108966715579722	2.93526133111369	2.6351395929625774	2.3360718978639654	2.0390423309229937	1.7460796915580985
43001	CHDCO	886	3.825000053564479	3.6375000363790626	3.3699998489528826	2.9183999591717544	2.4709996378615084	2.021801016468613	1.5739965227793502
43002	HNCO	6078	3.891299952407868	3.7095999672283173	3.447500058635252	2.9969002618636833	2.547299551304324	2.1121993365742258	1.7509016274030376
43003	AlO	1023	3.594000071452838	3.4691000457142462	3.293100130632873	2.9925999048975704	2.693000172639487	2.3947002782766003	2.0994009178736275
43004	CP	397	3.0212467462260517	2.8964182366949336	2.720599578849924	2.4205758677810656	2.12170327226859	1.8250663288017863	1.5328855390430356
43005	13CH313CN	1256	4.018113888318928	3.830609029370128	3.5664433141770524	3.115145651076588	2.6652913335229904	2.2286000061320954	1.8196459169682986
44001	CS	51	2.4073994033011132	2.2829006788212034	2.1071013824534277	1.8071966607109473	1.5083950331330531	1.211787762900892	0.9199144806594316
44002	SiO	31	2.4581995569811697	2.3342003387840258	2.1593987361138773	1.8593004516799168	1.5602056229700592	1.263209848572749	0.9703003754021777
44003	CH3CHO	47034	4.938725227426195	4.69940167908857	4.359687616880981	3.812632905636844	3.3333509532207777	2.88095402955032	2.43155143533015
44004	N2O	1926	2.7509013961944	2.5928695207248964	2.399598621838712	2.0960614417040824	1.796162737866876	1.4974521467410895	1.2010856316906446
44006	DNCO	5504	3.97550009537321	3.8264999438545138	3.5931001225921047	3.1547999756679648	2.7051004619153547	2.2574001532665373	1.8327004709605674
44007	HN-15-CO	888	3.411699992521414	3.2401999250846014	2.984499859664267	2.5348000348742032	2.0843009587901866	1.6465997517203734	1.2793018372746163
44008	HNC-13-O	4332	3.87219999146872	3.7016001026649663	3.446599914675925	2.997399928581423	2.547800540834991	2.112601650483977	1.7510018062308736
44010	HCP	34	2.4942005265826377	2.370999478608071	2.1955011358297685	1.8953009707723316	1.5961020477181131	1.298809426529585	1.0051805125037803
44011	AlOH	766	3.377991763877683	3.253040052741811	3.077055609797176	2.776618384171226	2.476980810130748	2.1788388714711386	1.8836500809010934
44013	C3H8	183835	5.8963183898267175	5.557463890601046	5.161802079714294	4.621788848950842	4.161158292206182	3.7107940999303275	3.2619761913978125
45001	C-13-S	29	2.432400008177615	2.308000638732734	2.1320995219165044	1.8320999724859048	1.53309811245941	1.2364112877439664	0.9439888750737718
45002	Si-29-O	66	2.4637004240047227	2.34080092259556	2.1648998412130274	1.8647008950832242	1.565599916843713	1.2686013707396633	0.9754777631658746
45003	NH2CHO	3476	4.464700220064373	4.26669980480661	4.013400051245911	3.560300063531115	3.1116999491797457	2.661999987859309	2.214099083299104
45005	HCS+	64	2.4676007069774797	2.342700934945513	2.1669005666611154	1.8668010979389118	1.5676967099418642	1.270608970823178	0.9774949690730363
45006	HNCO-18	4929	3.90969993230028	3.7316000454163962	3.471299927363307	3.0207999139837183	2.5711997220209817	2.13589875161268	1.7741007195036604
45007	NN-15-O	104	2.697405117961739	2.572517868154868	2.396575049845598	2.0960816319109172	1.7961932912265886	1.4974825373673704	1.201115697737619
45008	N-15-NO	106	2.7122867963196806	2.587396520761512	2.411447469001984	2.1109346522253074	1.8110069687682384	1.512218640495159	1.2156930692252113
45009	DCP	34	2.562000063193049	2.4406997520374705	2.2656996778203555	1.9654980305929766	1.6660028864947212	1.3681008517093514	1.0733883811151776
45010	HOCO+	1745	3.3749000477105966	3.22880007470289	2.9989999722183205	2.5630002475452227	2.112601650483977	1.6692982808324146	1.2847013785241779
45011	AlOD	70	2.644880537363303	2.5199237641735674	2.3439184181189665	2.0434133684843263	1.7436351746287824	1.4451992957056476	1.149434666343169
45012	O-17-CO	285	3.519504645500846	3.3946135479351263	3.218657584147642	2.9181135685844524	2.618115799514142	2.319181871968726	2.0223652639836356
45013	PN	1637	2.9037238655527493	2.778210382789756	2.6023101814440532	2.3022871939373264	2.0033967619682094	1.70671266292173	1.4144334851879035
46001	CS-34	34	2.414400035078177	2.2899009617286263	2.114100338089189	1.8141010299203177	1.5153041207103226	1.2186930199913562	0.9267024941826449
46002	Si-30-O	67	2.4688994491601237	2.3448989823892687	2.170000473264351	1.869900253167566	1.5707997047869036	1.2736030765905362	0.9805033181933951
46003	H2CS	517	3.7769999310104017	3.57529998468841	3.319899977540395	2.8751000586325883	2.4243000111122384	1.9598995878659435	1.4396957701316477
46004	C2H5OH	52180	4.658809198302564	4.453897406650997	4.1557081685795145	3.613461314708938	3.030364013794265	2.463812838588029	1.9804442635743336
46005	HCOOH	1888	3.948600043800358	3.761199973407206	3.49710015125406	3.0357002374016195	2.5948994838324206	2.146100115849826	1.6983963569292695
46006	NO2	16444	4.13059995767392	3.9426000270610526	3.678000012027629	3.226300048311628	2.7754997670786876	2.325999767257677	1.879101616509497
46007	N2O-18	107	2.7223531031518697	2.597460098805994	2.4215060350741355	2.120979741088399	1.821026557449158	1.522185927553644	1.2255573791230145
46008	CH3OCH3	21735	5.35796532273689	5.183833348813775	4.925250192388173	4.474624134418614	4.023787279789847	3.5737995822157407	3.1251558295805304
46009	AlF	1188	3.357931494538882	3.232962457615325	3.056968543189863	2.756545665179429	2.4569663414626364	2.1589586344808533	1.8640450918483276
46010	NS	2510	3.338470458537501	3.1789157390955176	2.9576448253356213	2.613839285842493	2.305744421533498	2.002280562121754	1.6965092824092303
46011	DOCO+	677	3.5186998570784325	3.376100066249743	3.1508000205827478	2.7184003693500216	2.268201076645551	1.8183974654413504	1.380699548382717
46012	HOC-13-O+	1735	3.3751999972349718	3.229000051149552	2.99920016207654	2.5631997708272354	2.1127993182412577	1.669502834104343	1.2847915559501462
46013	O-18-CO	91	2.753475659218497	2.6285824289959185	2.452621840224462	2.152063798914743	1.8568895315069909	1.553045170929688	1.2561113304981304
46014	CH2OO	19161	3.9356926931534284	3.7480468195695327	3.4837570878921005	3.032392933475977	2.581686318081933	2.1320597912052555	1.6844889863148809
47001	H2C-13-S	110	3.793800089877069	3.6064000694701552	3.325299899235588	2.8907998132231643	2.42220067161439	1.974299790082769	1.4565937502444077
47002	HC-13-OOH	16615	3.955762131903074	3.7682179863999794	3.504024716965975	3.052744100233366	2.6020544540380177	2.152388037166013	1.7047003322236942
47003	DCOOH	21405	4.023255044810232	3.835727735365815	3.5715480432300257	3.1202680077849934	2.66954921710394	2.2198086879413617	1.7719635595825787
47004	HCOOD	18903	3.9988312754482616	3.811300462424065	3.5471173531262292	3.095834306835186	2.6451150103325984	2.1953762474129874	1.7475360962129218
47005	PO+	239	2.426000706026492	2.300715017971386	2.1248584932900636	1.824845372000955	1.5259603970409175	1.229282425119716	0.9370110866903368
47006	PO	743	3.187476725141074	3.0284172704440255	2.808251631250838	2.4677998334943663	2.1658545218258984	1.8744603633700423	1.5928282655570976
47007	HONO	54411	4.0778323918792845	3.8605645593348203	3.5486453000558527	3.0215114674118726	2.5391345865387964	2.0866178388556293	1.6391337307977243
47008	cis-DCOOH	22490	4.014702715219277	3.827167317946848	3.5629791140865685	3.1116870205780502	2.660953939900276	2.21118971303745	1.7632991836852054
47009	cis-HCOOD	17502	3.9714196153882426	3.783876799335035	3.5196796260360514	3.06837190037567	2.617616099027441	2.1678104368722715	1.7198382204407205
47010	cis-HC-13-OO	15887	3.941779653343867	3.7542206741313655	3.4900115472492246	3.038711064217409	2.588002528975888	2.13830838343865	1.6905690585512485
48001	SO	330	2.9295001567318906	2.8008998283269024	2.617500435850767	2.295600083101001	1.955899315132505	1.5897039154284955	1.2015063670532382
48002	SO-v1	261	2.9295001567318906	2.8008998283269024	2.617500435850767	2.295600083101001	1.955899315132505	1.5897039154284955	1.2015063670532382
48003	H2CS-34	111	3.784199912706608	3.6593000533679994	3.3326002297273343	2.8810997894530495	2.4137003375175756	1.965201701025912	1.4472976035670677
48004	O3	7133	3.5506000967889313	3.3484000857927976	3.0786999983687977	2.6268000859780996	2.176201266390756	1.7267027639962984	1.279598509904568
48005	O3-v2	4911	3.5506000967889313	3.3484000857927976	3.0786999983687977	2.6268000859780996	2.176201266390756	1.7267027639962984	1.279598509904568
48006	O3-v1,3	9619	3.5506000967889313	3.3484000857927976	3.0786999983687977	2.6268000859780996	2.176201266390756	1.7267027639962984	1.279598509904568
48007	O3-2v2	3014	3.5506000967889313	3.3484000857927976	3.0786999983687977	2.6268000859780996	2.176201266390756	1.7267027639962984	1.279598509904568
48008	O3-v1,3+v2	10912	3.5506000967889313	3.3484000857927976	3.0786999983687977	2.6268000859780996	2.176201266390756	1.7267027639962984	1.279598509904568
48009	NS-34	2364	3.3463048668253945	3.186744162699882	2.965467419236499	2.62166287604889	2.313586102927714	2.0101637941555235	1.7044808326457288
48010	SO+	194	2.7954522525150054	2.648548717287048	2.4461346835239897	2.135243040412331	1.8390919759510782	1.5486461104243348	1.2687417374124765
48011	CH3OOH	46191	5.027212153230176	4.834568093349052	4.560468489729877	4.081159573513144	3.581087685935028	3.0566706882555943	2.5303153665497544
48012	HFCO	16616	3.9379471649396525	3.7388724638577386	3.4691649100231117	3.0170867041303615	2.5663737281344705	2.1166987105219346	1.6690108136743271
49001	O3-sym-O-17	26092	4.3181369291138525	4.130575683556843	3.8664518671170223	3.415910245709748	2.9675858817338225	2.524349379375194	2.0930152195284855
49002	O3-asym-O-17	52613	4.624266137025509	4.4366710148105275	4.17248730826334	3.7217091581050505	3.2727223075246217	2.8276367470926127	2.3912227760388274
49003	C4H	742	3.720620808274461	3.595868926815298	3.4198165372758806	3.1189547818821617	2.8183388086996497	2.5181759799497443	2.218900852056347
49004	MgCCH	274	3.397611175405209	3.272725343734447	3.0965852825671187	2.7956492588203967	2.495014397088149	2.19487855247921	1.8956904440866416
49005	HO3	39114	4.608839475707605	4.446051551397981	4.196048147433641	3.7474336929799943	3.2962966732714363	2.8461649068331325	2.397780680233453
50001	S-34-O	280	2.938000062237474	2.8092997334703287	2.626000396344176	2.3038998649401923	1.9640002020590774	1.5972013888491157	1.2080918452756948
50002	SO-18	179	2.9625999193892354	2.8296002786374634	2.6500003965368517	2.3280001946885718	1.9872997301777702	1.6191037702724664	1.2275010649714304
50003	O3-sym-O-18	3184	3.5472000231652596	3.3598999579570337	3.0958998862496014	2.6452994311409745	2.1947002300835985	1.7451997504325536	1.298001111407518
50004	O3-asym-O-18	7304	3.8582000373676135	3.6707999672760936	3.406500155372675	2.956199656279011	2.505499987167576	2.0560010361482317	1.608600905481854
50005	O3-s-O18-v2	2387	3.5472000231652596	3.3598999579570337	3.0958998862496014	2.6452994311409745	2.1947002300835985	1.7451997504325536	1.298001111407518
50006	O3-a-O18-v2	4213	3.8582000373676135	3.6707999672760936	3.406500155372675	2.956199656279011	2.505499987167576	2.0560010361482317	1.608600905481854
50007	CH3Cl-35	6386	4.448766900532617	4.252765192710781	3.985707978114205	3.5323670346887304	3.0811492012962733	2.6471970836010157	2.2420442393695508
50008	C3N	1349	3.879807831159194	3.7550285822275034	3.57898493802835	3.27814239301546	2.9775498070097557	2.6774262632311725	2.3782261480427005
50009	MgCN	273	3.390406287730005	3.2654949358978884	3.0893465250710492	2.7884071674432493	2.4877766162296955	2.1876549365713243	1.888497373255814
50010	MgNC	269	3.321963047449588	3.1969498445219466	3.0207948633397717	2.719882259263745	2.41932515106999	2.119361150031216	1.8205252527904006
51001	HCCCN	139	3.6153707814582057	3.4904551743435346	3.314399431930015	3.013544590494239	2.7129181069246764	2.412722557118457	2.113375057094902
51002	ClO	2585	3.525000078884011	3.363200050866622	3.1537002564340515	2.8384000877477704	2.5457004017146234	2.2632003722642158	1.9986995143026678
51003	ClO-v1	2112	3.525000078884011	3.363200050866622	3.1537002564340515	2.8384000877477704	2.5457004017146234	2.2632003722642158	1.9986995143026678
51004	HCCNC	563	3.5769977214761712	3.4522083555375906	3.2761703844400243	2.975336069342934	2.674749201371339	2.3746316022254903	2.0754403819387894
51005	HCCNC-v7	291	3.5769977214761712	3.4522083555375906	3.2761703844400243	2.975336069342934	2.674749201371339	2.3746316022254903	2.0754403819387894
51006	HCCNC-v6	291	3.5769977214761712	3.4522083555375906	3.2761703844400243	2.975336069342934	2.674749201371339	2.3746316022254903	2.0754403819387894
51007	HCCNC-v5	278	3.5769977214761712	3.4522083555375906	3.2761703844400243	2.975336069342934	2.674749201371339	2.3746316022254903	2.0754403819387894
51008	HNCCC	574	3.603902253376595	3.4791959393713157	3.303162630583698	3.0023139559759073	2.7016989443802597	2.4015256409341976	2.1022230251947427
52001	HCCC-13-N	152	3.617000131316751	3.4921999133217865	3.3162000202017703	3.0153002244794624	2.714700177332784	2.414500377679193	2.1152009836190677
52002	HCC-13-CN	146	3.6170999866349085	3.4923000163851015	3.3162000202017703	3.0153999970488803	2.7147998511882565	2.41460069710167	2.1152009836190677
52003	HC-13-CCN	144	3.6289000747545983	3.504100024697409	3.327999990616197	3.027199923696386	2.7264998171234023	2.42629975562811	2.126900567124896
52004	HCCCN-15	99	3.1508997487382358	3.0260999796408985	2.85010011426454	2.5491995089707915	2.2486009446888935	1.9483982934198807	1.6490036559420196
52005	DCCCN	156	3.6477000653617906	3.522800000552343	3.3468001457242926	3.0460001065365705	2.745299691632374	2.4449998178365058	2.145600357652248
52006	HOCl	40352	3.9787785864886978	3.7910975339615938	3.5268006768988385	3.0755505379205963	2.625182966623302	2.177903114770757	1.766196389592846
52007	SiCC	304	3.4817352128709347	3.3736979899911397	3.1905756751068917	2.802073502433353	2.360210823623653	1.9104643159956136	1.4627722284106115
52008	CCCO	51	3.1132000730577505	2.9888001150792864	2.8128999935301326	2.51209978613914	2.211499648906901	1.91139733706261	1.6120947947255777
52009	CH3Cl-37	6438	4.457072174308604	4.260027956365267	3.9927137751761235	3.5393564169404312	3.0881098529761495	2.6540667506821762	2.2488409878930335
52010	CH2F2	11942	4.743500239934534	4.53170014649748	4.25509976631583	3.801000102063995	3.350199933068897	2.9002999307268436	2.4522005825530924
52011	CH2F2-v4	7808	4.743500239934534	4.53170014649748	4.25509976631583	3.801000102063995	3.350199933068897	2.9002999307268436	2.4522005825530924
52012	DNCCC	3098	4.106468447542505	3.9818952019921414	3.805890175753537	3.505045504360176	3.2044138191650595	2.904194891191842	2.604794908632324
52013	CNCN	206	4.036509591694751	3.91167819952424	3.7356365076525915	3.4348088333479767	3.134239600670949	2.834159476167381	2.5350446139446983
53001	C2H3CN	298330	5.076932942410138	4.833409949521433	4.501590940525687	3.9981896102484247	3.541801201552567	3.0909109440400075	2.640977064684096
53002	Cl-37-O	2624	3.5326999932577854	3.370600050813459	3.1610998549456206	2.8457000510615273	2.55279957944772	2.2700006678154505	2.0049014787993316
53003	C-13-CCO	99	3.130400033560298	3.0053997501221144	2.82940027199416	2.528500194665729	2.227899553372773	1.9276987831185015	1.6283991486237852
53004	CC-13-CO	99	3.116390210246739	2.991453356077069	2.8153990797490334	2.5145543931979257	2.2139478540847106	1.9137979632705517	1.6145386697100546
53005	CCC-13-O	99	3.1151786648987634	2.9902331547206167	2.8141703217412375	2.5133175029511543	2.2127095098147977	1.9125568179611745	1.613302581680263
53006	Cl-37-O-v1	2132	3.5326999932577854	3.370600050813459	3.1610998549456206	2.8457000510615273	2.55279957944772	2.2700006678154505	2.0049014787993316
53007	C2H3NC	9362	4.357433023250872	4.183889147254907	3.926191600866921	3.4752974471513394	3.02388882120531	2.5730886951727103	2.1232765548952193
53008	HNCCN+	99	3.1486460203995628	3.024033158255969	2.848007599411582	2.5471469239494087	2.2465099057876907	1.946293551493334	1.6469053749304927
54001	CH2CHC-13-N	28195	4.42260125511386	4.23468689097707	3.970073598580435	3.518186331984022	3.0667810808802036	2.6159317541184475	2.165989971593086
54002	CH2C-13-HCN	28686	4.428124793797059	4.24021438799576	3.9756050000232253	3.5237210975516198	3.0723167833740184	2.62146658020328	2.1715216874504466
54003	C-13-H2CHCN	28746	4.4348735872353195	4.246959510564374	3.9823454548620747	3.530454166323857	3.079040077399858	2.6281727508838033	2.178195089084641
54004	CH2CDCN	6381	4.473879292832228	4.286599938381022	4.022164579889814	3.570390559846233	3.1190334048824613	2.6681929576116796	2.218225559401275
54005	HOCl-37	40627	3.9864001685128208	3.7987176624767005	3.534417391606411	3.083156013457584	2.6327650361590873	2.185437605634592	1.7736306851932233
54006	CCCO-18	99	3.13610006569543	3.0111998454363946	2.8350999099187915	2.5342000429863583	2.233600146784111	1.9334012302996881	1.6341042818288927
54007	HCCCHO	8407	4.291425420506347	4.13790688347215	3.898835112174778	3.4558133987901054	3.004407364176331	2.5534630865542596	2.1034753112243303
55001	C2H5CN	64345	4.573156889884202	4.3853726622188995	4.12088922638454	3.6691248929951445	3.2177620931211233	2.7668943197925207	2.3168621456332263
55002	CaCH3	5775	4.676088404266065	4.488324299822168	4.223883533480773	3.7722729558984285	3.3226389099517304	2.888294653770106	2.4813556175586684
56001	CH3CH2C-13-N	1183	5.0510001297675995	4.853000152231456	4.599599826272607	4.102399845857981	3.6647000656081583	3.150500084431821	2.81590036106588
56002	CH3C-13-H2CN	1252	5.055699823471806	4.857699862716634	4.60430002809265	4.107100024941673	3.6694000116385785	3.1551999574570853	2.8206000915343497
56003	C-13-H3CH2CN	1183	5.061799998019827	4.863800071901334	4.610400211152845	4.113200173451215	3.6754999008232687	3.1611999426845667	2.8266998663637586
56004	C2H5CN-15	1621	4.585000020275014	4.397600170600289	4.133500107534381	3.5984001226897515	3.188200113824229	2.7767999420724303	2.3302006326417035
56005	CH2DCH2CN-s	1166	5.074800019031573	4.87680006889365	4.623199933127532	4.171700014989121	3.7202000838111693	3.2522999846764247	2.783900007757376
56006	CH2DCH2CN-a	1286	5.083000192447855	4.885000221084803	4.631599914453026	4.179900178457536	3.728399969015665	3.261800109639722	2.794699913948558
56007	CCS	563	3.4539492906222917	3.305370718769722	3.1450107731713923	2.8088103313161565	2.4980085107131327	2.142617817437901	1.7517639494189878
56008	C2H3CHO	24051	4.408534064594793	4.240734804633052	3.9959287880771592	3.553989233837377	3.1030498225295444	2.6522579478276933	2.2022741140164976
56009	MgS	99	2.893368889016803	2.7683168857152314	2.592173425200358	2.29133776486698	1.9909645339507798	1.69137328242647	1.3932943564523292
56009	MgS	99	2.893368889016803	2.7683168857152314	2.592173425200358	2.29133776486698	1.9909645339507798	1.69137328242647	1.3932943564523292
56010	HCCCH2OH	104073	4.813648881967735	4.622243282441787	4.344788845140838	3.854675897092209	3.3400004518205386	2.807483004321172	2.2976335954281812
57001	C-13CS	1013	3.7747878955575205	3.6471875914703484	3.465813065768037	3.149294876573009	2.818526099845288	2.4627632506541093	2.0712153322997797
57002	CC-13S	1015	3.757037891921365	3.6294426286945995	3.448094012360079	3.131655548946308	2.801046110345048	2.445599533415352	2.0546513504417416
57003	HCCCH2OD	22458	4.683891806383083	4.5595325807239995	4.354577352701628	3.932281658504716	3.458706318650141	2.960535227190314	2.437649268463183
58001	CCS-34	565	3.463539887938392	3.3359406720350715	3.1545822015615226	2.8381133142594925	2.5074429608360957	2.1518722010604936	1.760686297495916
58002	NaCl	99	2.983502475256135	2.8583262548735124	2.682034366830662	2.381005635545896	2.080429494753993	1.7805318855842587	1.4818824334768106
58003	CH3COCH3	61834	7.190414654502419	6.721185836802117	6.156708121259214	5.129022473406334	4.777383318258995	4.326847698915991	3.916295994563131
60001	OCS	99	3.012099985267568	2.887400098789872	2.711300115641469	2.4103992749250427	2.110000151133112	1.8100980406811429	1.51129499469627
60002	SiS	97	2.8382003117216867	2.7135997330080635	2.5376000043418325	2.2368998618471694	1.9365991855338724	1.6371994357405333	1.3395905522680402
60003	CH3OCHO	61521	5.3001664116365745	5.083151387301077	4.771388732825937	4.244247919393429	3.761357922741348	3.3076757088039654	2.857826828150164
60005	NaCl-37	99	2.992886069770129	2.8677120852745595	2.691418006276612	2.390382530862769	2.0897931690862364	1.78987038020322	1.4911683196977945
60006	HCOCH2OH	212527	4.835163491879694	4.575359575592563	4.212747922297997	3.6658018434783326	3.200751238973486	2.749798209713543	2.30006805458261
61001	OC-13-S	99	3.013499966555794	2.888699998160497	2.7126000410856492	2.411900728116946	2.1114003097046417	1.811501276783828	1.5126977342949555
61002	Si-29-S	98	2.8461997494189117	2.721700173352028	2.5456002590832565	2.2449002758484573	1.944601099951267	1.6451962201890324	1.3475056494759026
61003	C5H	2594	4.286029036313864	4.160218609336504	3.971514074646037	3.6293903408758212	3.2620188822526743	2.880902727789798	2.5298045539272778
61004	NH2CH2CH2OH	282599	5.150884745563742	4.876610494521965	4.479720457160898	3.839153047129545	3.3149910305255994	2.8554076906191344	2.4053352593097617
62001	OC-34-S	99	3.02279981659469	2.8907998132231643	2.722000114150013	2.4212007012984587	2.1206989373824325	1.8207989423693833	1.521896128976105
62002	O-18-CS	99	3.039799855156153	2.915099999940415	2.738900210735167	2.4382004743402987	2.1376990042596025	1.8377020469308685	1.5387998699649998
62003	Si-30-S	99	2.8539001056924187	2.72930008051792	2.5531995063792445	2.2525010856203354	1.9522983154806741	1.6527973228698185	1.3549915029784811
62004	SiS-34	99	2.8502000732457216	2.7257001479712595	2.549600313054241	2.24889975376463	1.9485987727631884	1.649198511689143	1.3515064229290443
62005	AlCl	11525	4.314440704796032	4.189369842736353	4.013198613917217	3.7123141300275897	3.411863734456222	3.1121374812883063	2.813789413240764
62006	C5D	4436	4.484197827968242	4.3600906113410005	4.1723144966026755	3.830345344303832	3.4629773644597326	3.081777607873555	2.730464753319206
63001	HNO3	129631	5.042370912733697	4.782964008991065	4.480216834783619	4.020496232778686	3.5693723878257853	3.118948540303412	2.6697175113991523
63002	HNO3-v7	8821	5.042370912733697	4.782964008991065	4.480216834783619	4.020496232778686	3.5693723878257853	3.118948540303412	2.6697175113991523
63003	HNO3-v9	83672	5.042370912733697	4.782964008991065	4.480216834783619	4.020496232778686	3.5693723878257853	3.118948540303412	2.6697175113991523
63004	HNO3-v6	66984	5.042370912733697	4.782964008991065	4.480216834783619	4.020496232778686	3.5693723878257853	3.118948540303412	2.6697175113991523
63005	HNO3-v8	58560	5.042370912733697	4.782964008991065	4.480216834783619	4.020496232778686	3.5693723878257853	3.118948540303412	2.6697175113991523
63006	HNO3-v5/2v9	105483	5.042370912733697	4.782964008991065	4.480216834783619	4.020496232778686	3.5693723878257853	3.118948540303412	2.6697175113991523
63007	PS	2340	3.5467962198911565	3.3813204236513843	3.1691035111918113	2.850129061808479	2.55008250349069	2.25288699681782	1.9595565131235235
63008	PO2	7323	4.31926641663222	4.133110438011598	3.86839942485534	3.4158750755690397	2.96410729390868	2.5130323859382413	2.0629014773378556
63009	HOONO	168036	4.923989348402355	4.736384330704402	4.472077921511909	4.020542629031138	3.5694059010733543	3.118872577394373	2.669453657137631
64001	S2	174	2.9953999977483123	2.8606996681715806	2.665100468747715	2.309099748913443	1.914501822827314	1.4876049559561242	1.094715634328187
64002	SO2	13573	3.772227795060341	3.58452503026927	3.320271153796548	2.8686538411505613	2.417740656577227	1.9677398096397933	1.519434194913703
64003	AlCl-37	11326	4.324758417841129	4.199687626047834	4.023513813906181	3.7226214281624577	3.422155180210361	3.1223971624748397	2.8239854305783276
64004	C4O	535	3.9011932773092575	3.7759904877475012	3.599402649157588	3.2969491216318754	2.9931352064161563	2.6866256351725655	2.3749075581330295
64005	SO2-v2	9225	3.768490401213736	3.5807675296382	3.316380528505579	2.864853872256365	2.4139297884413042	1.9639199838172567	1.5156089492344802
64006	H35ClCO	113626	4.8285060845941175	4.640855551169615	4.376479472551881	3.924868379064584	3.47368579492288	3.023114533799363	2.5736463702135626
64007	H15NO3	36935	4.44650705898445	4.258984100966702	3.9947742281091227	3.543349797732101	3.0923009513751287	2.6418771826815917	2.192645217978784
64008	DNO3	56528	4.469690270800616	4.282172427270103	4.017962878213086	3.566531647874095	3.1154636919970033	2.6649988527910207	2.21568302584601
65001	S-33-O2	19048	4.378056363979736	4.190382045392735	3.926016552062481	3.474510551880393	3.023595643054819	2.5735921188173596	2.1252827786765383
65002	H18ONO2	40392	4.470873825890294	4.283351357417674	4.019136683107261	3.567699929798642	3.1166284289285326	2.666160195456252	2.2168393942750377
65003	HON18OO	44692	4.471021868748951	4.283501496327299	4.019289121880101	3.567854830763549	3.116785044705259	2.6663186647919863	2.2170009508400703
65004	HONO18O	17737	4.470821316487192	4.283301052271381	4.019088739926138	3.567654461799301	3.1165845345115946	2.6661177585675095	2.2167990616476656
66001	COF2	23090	4.788300032946666	4.600800025143518	4.336599846265814	3.8852000261527477	3.4340998682741617	2.983599678443957	2.5342000429863583
66002	S-34-O2	11894	3.779650882874792	3.591947331562578	3.327580010639184	2.8760728590608546	2.425155841300959	1.975151379753775	1.5268301662345263
66003	CaNC	259	3.4902621123544493	3.365765844453739	3.189531074267953	2.888353457779308	2.5875147587523593	2.2871385890205618	1.9875608061378283
66004	SOO-18	9758	4.104010286568116	3.916345966886632	3.6519755237866347	3.200449931100134	2.749493599239291	2.2994070485649662	1.8509279145658886
66005	H37ClCO	113891	4.838440563021923	4.650802718245464	4.386428589874443	3.9348137305188575	3.483620356288887	3.0330267576134906	2.5835134384021137
67001	OCl-35-O	57232	4.729915170719876	4.5426154215652845	4.279030364051014	3.829973549415174	3.384039633727167	2.9440392680967067	2.5157546611908557
68001	CCCS	99	3.3308999515254962	3.2092999587284425	3.0341000042808077	2.7331996733872224	2.4324994859960984	2.132000188322492	1.8319976772358963
69001	OCl-37-O	49388	4.7202632734671335	4.549196811176496	4.285609736213285	3.836547536292407	3.3906034337220943	2.9505824339819857	2.5222576946192405
69002	C3H7CN	60671	5.079532365068847	4.898507091268711	4.6152278180648905	4.088301337329491	3.560187091082674	3.0781681591997487	2.624878969350442
70001	CCCS-34	99	3.3410000128041224	3.219800048336443	3.0447999455576946	2.74389998404599	2.44310019433477	2.142599053364366	1.8426029997024893
71001	MnO	12510	4.171825876698736	4.0466395149680565	3.8685739112370823	3.5616737023990064	3.2500294496909343	2.931305281421673	2.6068111469189637
71002	NF3	4033	4.444395180174504	4.2568631669943455	3.9926707924330773	3.5413435752592357	3.0905219715549204	2.640567691015565	2.192276618399464
72001	CaS	382	3.125015361109634	2.972550736483544	2.777881831871622	2.4716154038869442	2.170933764707554	1.8708455840234641	1.5717577308472384
73001	C6H	3031	4.488407047019344	4.386193517929344	4.219208006801072	3.8960642198086033	3.546506166402637	3.1725852730443234	2.797109448262572
74001	KCl	99	3.2114047695556973	3.0870557458850785	2.910849283455859	2.609698542050662	2.3088746045659914	2.008482214988153	1.7088405436548757
74002	C2H5OOCH	60671	5.079532365068847	4.898507091268711	4.6152278180648905	4.088301337329491	3.560187091082674	3.0781681591997487	2.624878969350442
74003	C3H6O2	108659	5.506390850712267	5.327772892312802	5.066628083220216	4.611556067125627	4.151952648786401	3.6851414513199576	3.205145361955614
75001	HCCCCCN	99	3.6716999728656057	3.5206001150068875	3.364500152721615	3.0696999094818853	2.7688000991247392	2.4680000514530986	2.167500467953262
75002	H2NCH2COOH I	27217	5.096492500900179	5.002297628300448	4.83678743605177	4.468000382608706	4.031511587856827	3.580942814439542	3.1304568333302543
75003	H2NCH2COOH II	26544	5.096492500900179	5.002297628300448	4.83678743605177	4.468000382608706	4.031511587856827	3.580942814439542	3.1304568333302543
75004	H2NCO2CH3	140822	6.120916625395207	5.909952222410487	5.600419062137485	5.072103514602801	4.583772162930391	4.1282538332701435	3.677433565274138
76001	HCCCCC-13-N	99	3.6760001050747046	3.5376000043418325	3.3685999848203627	3.0739997259794776	2.7731000978336793	2.4722999809674127	2.171799561048725
76002	HCCCC-13-CN	99	3.6721000756040056	3.5337000088241988	3.36490016653777	3.069999794869577	2.76920002683632	2.4684005060727223	2.167898958800919
76003	HCCC-13-CCN	99	3.6721000756040056	3.5337000088241988	3.3650000655981263	3.0700999570396594	2.769299766564922	2.4684994545539944	2.1679992618458086
76004	HCC-13-CCCN	99	3.676199970653372	3.5378000864060475	3.36869996562113	3.074100068493061	2.7732999675158383	2.472500476474933	2.1720012736271195
76005	HC-13-CCCCN	99	3.683100015330221	3.544100056877923	3.3751999972349718	3.0810998407045562	2.7803000264436415	2.479500450183359	2.178899285044938
76006	HCCCCCN-15	99	3.6824998610669692	3.5434999880740716	3.3747001494756304	3.0803999021307376	2.7796000983398708	2.4788001726035707	2.178300532043696
76007	DCCCCCN	99	3.691800092483102	3.5520000811124146	3.383300008605573	3.089699920621014	2.7888998310182687	2.4881006784056376	2.18750097972953
76008	KCl-37	99	3.2237410288219923	3.0995438409699334	2.9233682256730065	2.622213401064444	2.3213794676618447	2.02096671782162	1.7212845284288267
76009	C4Si	229	3.6103559226775532	3.4853962793740116	3.3092950566172665	3.008302450283098	2.7073977013983197	2.4066435472496144	2.106177973664463
76010	C5O	99	3.6603608438729593	3.535407591557081	3.3593119273771124	3.0583197535665314	2.757403621287529	2.45662061298981	2.1560940242941777
76011	C3H8O2 I	21811	5.178589513277296	5.023468115416351	4.7934644102585615	4.369968764717108	3.9233392627509915	3.47237978048706	3.021837774726659
76012	C3H8O2 II	21295	4.9582615482286965	4.729169504517159	4.351088179572678	3.482597747606624	2.144763139089164	-0.08910891135547182	-4.0
77001	C3H8O2 I 13C3	11244	4.8832185912739305	4.72819109162777	4.4983267051078535	4.07502569969121	3.628457767933848	3.1774953193578703	2.7269435690343964
77002	C3H8O2 I 13C4	21991	5.18188287067549	5.027187945517304	4.7978386405994655	4.375293730171388	3.9289968061032217	3.478056210118807	3.0275084530226266
77003	C3H8O2 I 13C5	11250	4.882863383675598	4.727819353918821	4.497948479801924	4.074655103913474	3.628087455722899	3.1771203879326766	2.7265668245296784
78001	AsH3	7802	3.788053586229859	3.600792773070948	3.3374367173276105	2.8892129852950954	2.4450476697096546	2.00863252975313	1.5875358652828027
79001	HOONO2	50775	5.07929992613126	4.937499988284566	4.697199804497994	4.221600044826926	3.751199938128753	3.298199834216753	2.8468997218824614
80001	HBr-79	143	2.014617131236758	1.89413876344462	1.727077436678343	1.4526755981756092	1.2017247701163791	0.9900278987702947	0.8409838373203778
80002	ZnO	259	2.6782624614104007	2.5443056004912976	2.36471436440407	2.06378993510263	1.7639383639671395	1.4653828514484184	1.1693657931510482
81001	Cl-35-NO2	3520	4.942167508591708	4.742344340248313	4.467982519064217	4.012231421170526	3.5607838508267244	3.109865686974044	2.6596724706295944
82001	HBr-81	143	2.0147472871172063	1.8942717446598167	1.7271995426993074	1.4527980985591598	1.2018339304743506	0.9900723346921529	0.8410464654093036
84001	CH2Cl2	752701	7.143939631568095	6.958607939995203	6.69471471989403	6.243001295891309	5.791575753461105	5.340516626049507	4.8900676880565275
88001	C6O	567	4.342376177237912	4.216931185806582	4.039845961970342	3.7358771581732544	3.4290318356257554	3.116528979467712	2.7931451668525096
89001	Sr-88-H	391	2.366800115926314	2.2409010340550113	2.0657999802241442	1.7693994833926354	1.4782056360118823	1.1975010961432584	0.9381192691943118
90001	Sr-88-D	922	2.841900437036083	2.7111996352319787	2.5336004921572757	2.234499567175968	1.938399627148745	1.6475981077786503	1.3672999996814041
90002	CH2OHCOCH2OH	79158	5.578863750339704	5.34787010525243	4.996818370994915	4.376778809630599	3.831666714933542	3.365983396954354	2.914721637693891
92001	C5S	99	3.718253746397326	3.64064578186022	3.5078500720724106	3.2277471426037394	2.9279746692398216	2.627112785851454	2.326421891879929
94001	C5-34-S	99	3.724366160689542	3.6480453506997073	3.5157630050320106	3.238516292360745	2.9389278102278826	2.638061740766755	2.337361409212131
94002	CH3-79-Br	14309	4.594221771660991	4.406650306956912	4.142423132023051	3.691082730435408	3.2411625679561333	2.803994188702769	2.3946600221489134
95001	Br-79-O	1892	3.5956248377181406	3.4671909233847136	3.2899971936106738	2.988475567899935	2.686747956155516	2.38436775296747	2.0804280512581763
95002	Br-79-O v=1	1314	3.5956248377181406	3.4671909233847136	3.2899971936106738	2.988475567899935	2.686747956155516	2.38436775296747	2.0804280512581763
96001	HOBr-79	9898	4.1320281962872665	3.944318151957169	3.679957449239067	3.2285084055315902	2.7777370254989804	2.3296480097579106	1.9163223242173815
96002	S3	12039	4.500665081019297	4.319397823837691	4.056833948879687	3.605084717824586	3.153549635161586	2.7023745226324065	2.2517452602377084
96003	CH3-81-Br	14333	4.595875193307703	4.408303561046434	4.144076055542232	3.692734322867476	3.2428109153300033	2.8056360868709826	2.3962882898692857
97001	Br-81-O	1892	3.5974312389346403	3.4689976940494933	3.291804480599061	2.9902842314944755	2.688559521322076	2.3861849472107806	2.08226462269973
97002	Cl-35-ONO2	78323	5.7883880282733955	5.5708553607336215	5.258740694266385	4.73319059409943	4.2527196893847625	3.7991178992342864	3.3483720469079543
97003	Br-81-O v=1	1313	3.5974312389346403	3.4689976940494933	3.291804480599061	2.9902842314944755	2.688559521322076	2.3861849472107806	2.08226462269973
98001	H2SO4	42913	5.192516960183459	5.005454750242104	4.741277133586365	4.289769071595299	3.8385039664705394	3.3876218982824433	2.937454297823033
98002	HOBr-81	9920	4.133910103408744	3.9462008025365196	3.6818395181317003	3.230388371397362	2.779613083587182	2.3315163734325317	1.9181719314658834
99001	Cl-37-ONO2	49505	5.799331930345979	5.581808988547058	5.26969312270243	4.744139004304368	4.263662622457979	3.810051232807368	3.359286483112447
99002	HC7N	518	4.2958044083848295	4.241749518092932	4.142671994150458	3.907850099008837	3.6184910499481218	3.317882020932432	3.017059229159646
100001	C7O	99	4.037925502385818	3.9129746259594174	3.736872904976438	3.4358500811858024	3.1348634963091397	2.83393482335382	2.533114782979883
102001	ClOOCl	17266	5.630300053623209	5.442900189900324	5.179299850280973	4.727399828044728	4.275700110210052	3.8243999324187388	3.3735001104199176
102002	ClClOO	15078	4.956201557617738	4.768451104249292	4.503993969697928	4.052215354304598	3.6007466226607403	3.149625434476129	2.6990642360148245
104001	Cl-37-OOCl	17482	5.642700183223844	5.455200197587219	5.19150018141857	4.73979996110314	4.288000094518234	3.8366999406450653	3.385799786414976
111001	OBr-79-O	52631	4.964481860428739	4.77728947951464	4.5134599646664455	4.063695807898187	3.6164349708426298	3.1738241252130415	2.7403374207165614
112001	Se-80-O2	7484	4.032606070242132	3.8448722722953677	3.580455090792982	3.1288336690099676	2.6777127762969273	2.2273081166608577	1.7781946776605064
112002	C8O	644	4.667176440647051	4.5412939635594824	4.363145799481116	4.055984315013502	3.7428517886021964	3.4181948761352867	3.072244308012663
113001	OBr-81-O	52631	4.9663806745084225	4.779191044708442	4.515361047116494	4.065594576830448	3.618329407478441	3.1757100707911783	2.742206495605057
123001	HC9N	99	3.9029920534024334	3.8723801069782935	3.8137027140577144	3.657183252726208	3.419070173488504	3.128509217903169	2.8278409243365203
124001	C9O	100	4.32710134284074	4.202981274742827	4.027001588295544	3.7259723721308102	3.4249621369176437	3.1239828238013145	2.823059821525099
128001	S4	26640	5.182411311036429	5.0195784911483186	4.768495500513963	4.319233766850827	3.867674803671625	3.4163254047578593	2.965296266234367
143001	IO	8833	3.8878569400095726	3.7513756775657487	3.5706642802179824	3.27118579144068	2.9748256712981656	2.6831984742864594	2.4008625097159477
147001	HC11N	99	4.5521376550939685	4.437855178733829	4.266344579762475	3.9658655275373507	3.664846186948257	3.363844650515748	3.0628758889608947
